mc	mn	quarterbeats	quarterbeats_all_endings	duration_qb	mc_onset	mn_onset	event	timesig	staff	voice	duration	nominal_duration	scalar	chord_id
1	1	0	0	2.0	0	0	Chord	4/4	1	1	1/2	1/2	1	0
1	1	2	2	1.0	1/2	1/2	Chord	4/4	1	1	1/4	1/4	1	1
1	1	3	3	1.0	3/4	3/4	Chord	4/4	1	1	1/4	1/4	1	2
1	1	0	0	2.0	0	0	Chord	4/4	2	1	1/2	1/2	1	3
1	1	2	2	1.0	1/2	1/2	Chord	4/4	2	1	1/4	1/4	1	4
1	1	3	3	1.0	3/4	3/4	Chord	4/4	2	1	1/4	1/4	1	5
1	1	0	0	2.0	0	0	Chord	4/4	3	1	1/2	1/2	1	6
1	1	2	2	1.0	1/2	1/2	Chord	4/4	3	1	1/4	1/4	1	7
1	1	3	3	1.0	3/4	3/4	Chord	4/4	3	1	1/4	1/4	1	8
1	1	0	0	2.0	0	0	Chord	4/4	4	1	1/2	1/2	1	9
1	1	2	2	1.0	1/2	1/2	Chord	4/4	4	1	1/4	1/4	1	10
1	1	3	3	1.0	3/4	3/4	Chord	4/4	4	1	1/4	1/4	1	11
2	2	4	4	2.0	0	0	Chord	4/4	1	1	1/2	1/2	1	12
2	2	6	6	2.0	1/2	1/2	Chord	4/4	1	1	1/2	1/2	1	13
2	2	4	4	2.0	0	0	Chord	4/4	2	1	1/2	1/2	1	14
2	2	6	6	2.0	1/2	1/2	Chord	4/4	2	1	1/2	1/2	1	15
2	2	4	4	2.0	0	0	Chord	4/4	3	1	1/2	1/2	1	16
2	2	6	6	2.0	1/2	1/2	Chord	4/4	3	1	1/2	1/2	1	17
2	2	4	4	2.0	0	0	Chord	4/4	4	1	1/2	1/2	1	18
2	2	6	6	2.0	1/2	1/2	Chord	4/4	4	1	1/2	1/2	1	19
3	3	8	8	1.0	0	0	Chord	4/4	1	1	1/4	1/4	1	20
3	3	9	9	1.0	1/4	1/4	Chord	4/4	1	1	1/4	1/4	1	21
3	3	10	10	2.0	1/2	1/2	Chord	4/4	1	1	1/2	1/2	1	22
3	3	8	8	1.0	0	0	Chord	4/4	2	1	1/4	1/4	1	23
3	3	9	9	1.0	1/4	1/4	Chord	4/4	2	1	1/4	1/4	1	24
3	3	10	10	2.0	1/2	1/2	Chord	4/4	2	1	1/2	1/2	1	25
3	3	8	8	1.0	0	0	Chord	4/4	3	1	1/4	1/4	1	26
3	3	9	9	1.0	1/4	1/4	Chord	4/4	3	1	1/4	1/4	1	27
3	3	10	10	2.0	1/2	1/2	Chord	4/4	3	1	1/2	1/2	1	28
3	3	8	8	1.0	0	0	Chord	4/4	4	1	1/4	1/4	1	29
3	3	9	9	1.0	1/4	1/4	Chord	4/4	4	1	1/4	1/4	1	30
3	3	10	10	2.0	1/2	1/2	Chord	4/4	4	1	1/2	1/2	1	31
4	4	14	14	2.0	1/2	1/2	Chord	4/4	1	1	1/2	1/2	1	32
4	4	14	14	2.0	1/2	1/2	Chord	4/4	2	1	1/2	1/2	1	33
4	4	14	14	2.0	1/2	1/2	Chord	4/4	3	1	1/2	1/2	1	34
4	4	14	14	2.0	1/2	1/2	Chord	4/4	4	1	1/2	1/2	1	35
5	5	16	16	1.0	0	0	Chord	4/4	1	1	1/4	1/4	1	36
5	5	17	17	1.0	1/4	1/4	Chord	4/4	1	1	1/4	1/4	1	37
5	5	18	18	1.0	1/2	1/2	Chord	4/4	1	1	1/4	1/4	1	38
5	5	19	19	1.0	3/4	3/4	Chord	4/4	1	1	1/4	1/4	1	39
5	5	16	16	1.0	0	0	Chord	4/4	2	1	1/4	1/4	1	40
5	5	17	17	1.0	1/4	1/4	Chord	4/4	2	1	1/4	1/4	1	41
5	5	18	18	1.0	1/2	1/2	Chord	4/4	2	1	1/4	1/4	1	42
5	5	19	19	1.0	3/4	3/4	Chord	4/4	2	1	1/4	1/4	1	43
5	5	16	16	1.0	0	0	Chord	4/4	3	1	1/4	1/4	1	44
5	5	17	17	1.0	1/4	1/4	Chord	4/4	3	1	1/4	1/4	1	45
5	5	18	18	1.0	1/2	1/2	Chord	4/4	3	1	1/4	1/4	1	46
5	5	19	19	1.0	3/4	3/4	Chord	4/4	3	1	1/4	1/4	1	47
5	5	16	16	1.0	0	0	Chord	4/4	4	1	1/4	1/4	1	48
5	5	17	17	1.0	1/4	1/4	Chord	4/4	4	1	1/4	1/4	1	49
5	5	18	18	1.0	1/2	1/2	Chord	4/4	4	1	1/4	1/4	1	50
5	5	19	19	1.0	3/4	3/4	Chord	4/4	4	1	1/4	1/4	1	51
6	6	20	20	2.0	0	0	Chord	4/4	1	1	1/2	1/2	1	52
6	6	22	22	2.0	1/2	1/2	Chord	4/4	1	1	1/2	1/2	1	53
6	6	20	20	1.0	0	0	Chord	4/4	2	1	1/4	1/4	1	54
6	6	21	21	1.0	1/4	1/4	Chord	4/4	2	1	1/4	1/4	1	55
6	6	22	22	2.0	1/2	1/2	Chord	4/4	2	1	1/2	1/2	1	56
6	6	20	20	2.0	0	0	Chord	4/4	3	1	1/2	1/2	1	57
6	6	22	22	2.0	1/2	1/2	Chord	4/4	3	1	1/2	1/2	1	58
6	6	20	20	2.0	0	0	Chord	4/4	4	1	1/2	1/2	1	59
6	6	22	22	2.0	1/2	1/2	Chord	4/4	4	1	1/2	1/2	1	60
7	7	26	26	2.0	1/2	1/2	Chord	4/4	1	1	1/2	1/2	1	61
7	7	26	26	2.0	1/2	1/2	Chord	4/4	2	1	1/2	1/2	1	62
7	7	26	26	2.0	1/2	1/2	Chord	4/4	3	1	1/2	1/2	1	63
7	7	26	26	2.0	1/2	1/2	Chord	4/4	4	1	1/2	1/2	1	64
8	8	28	28	1.0	0	0	Chord	4/4	1	1	1/4	1/4	1	65
8	8	29	29	1.0	1/4	1/4	Chord	4/4	1	1	1/4	1/4	1	66
8	8	30	30	1.0	1/2	1/2	Chord	4/4	1	1	1/4	1/4	1	67
8	8	31	31	1.0	3/4	3/4	Chord	4/4	1	1	1/4	1/4	1	68
8	8	28	28	1.0	0	0	Chord	4/4	2	1	1/4	1/4	1	69
8	8	29	29	1.0	1/4	1/4	Chord	4/4	2	1	1/4	1/4	1	70
8	8	30	30	1.0	1/2	1/2	Chord	4/4	2	1	1/4	1/4	1	71
8	8	31	31	1.0	3/4	3/4	Chord	4/4	2	1	1/4	1/4	1	72
8	8	28	28	1.0	0	0	Chord	4/4	3	1	1/4	1/4	1	73
8	8	29	29	1.0	1/4	1/4	Chord	4/4	3	1	1/4	1/4	1	74
8	8	30	30	1.0	1/2	1/2	Chord	4/4	3	1	1/4	1/4	1	75
8	8	31	31	1.0	3/4	3/4	Chord	4/4	3	1	1/4	1/4	1	76
8	8	28	28	1.0	0	0	Chord	4/4	4	1	1/4	1/4	1	77
8	8	29	29	1.0	1/4	1/4	Chord	4/4	4	1	1/4	1/4	1	78
8	8	30	30	1.0	1/2	1/2	Chord	4/4	4	1	1/4	1/4	1	79
8	8	31	31	1.0	3/4	3/4	Chord	4/4	4	1	1/4	1/4	1	80
9	9	32	32	2.0	0	0	Chord	4/4	1	1	1/2	1/2	1	81
9	9	34	34	2.0	1/2	1/2	Chord	4/4	1	1	1/2	1/2	1	82
9	9	32	32	1.0	0	0	Chord	4/4	2	1	1/4	1/4	1	83
9	9	33	33	1.0	1/4	1/4	Chord	4/4	2	1	1/4	1/4	1	84
9	9	34	34	2.0	1/2	1/2	Chord	4/4	2	1	1/2	1/2	1	85
9	9	32	32	2.0	0	0	Chord	4/4	3	1	1/2	1/2	1	86
9	9	34	34	2.0	1/2	1/2	Chord	4/4	3	1	1/2	1/2	1	87
9	9	32	32	2.0	0	0	Chord	4/4	4	1	1/2	1/2	1	88
9	9	34	34	2.0	1/2	1/2	Chord	4/4	4	1	1/2	1/2	1	89
10	10	38	38	2.0	1/2	1/2	Chord	4/4	1	1	1/2	1/2	1	90
10	10	38	38	2.0	1/2	1/2	Chord	4/4	2	1	1/2	1/2	1	91
10	10	38	38	2.0	1/2	1/2	Chord	4/4	3	1	1/2	1/2	1	92
10	10	38	38	2.0	1/2	1/2	Chord	4/4	4	1	1/2	1/2	1	93
11	11	40	40	1.0	0	0	Chord	4/4	1	1	1/4	1/4	1	94
11	11	41	41	1.0	1/4	1/4	Chord	4/4	1	1	1/4	1/4	1	95
11	11	42	42	2.0	1/2	1/2	Chord	4/4	1	1	1/2	1/2	1	96
11	11	40	40	1.0	0	0	Chord	4/4	2	1	1/4	1/4	1	97
11	11	41	41	1.0	1/4	1/4	Chord	4/4	2	1	1/4	1/4	1	98
11	11	42	42	2.0	1/2	1/2	Chord	4/4	2	1	1/2	1/2	1	99
11	11	40	40	1.0	0	0	Chord	4/4	3	1	1/4	1/4	1	100
11	11	41	41	1.0	1/4	1/4	Chord	4/4	3	1	1/4	1/4	1	101
11	11	42	42	2.0	1/2	1/2	Chord	4/4	3	1	1/2	1/2	1	102
11	11	40	40	1.0	0	0	Chord	4/4	4	1	1/4	1/4	1	103
11	11	41	41	1.0	1/4	1/4	Chord	4/4	4	1	1/4	1/4	1	104
11	11	42	42	2.0	1/2	1/2	Chord	4/4	4	1	1/2	1/2	1	105
12	12	44	44	2.0	0	0	Chord	4/4	1	1	1/2	1/2	1	106
12	12	46	46	1.0	1/2	1/2	Chord	4/4	1	1	1/4	1/4	1	107
12	12	47	47	1.0	3/4	3/4	Chord	4/4	1	1	1/4	1/4	1	108
12	12	44	44	2.0	0	0	Chord	4/4	2	1	1/2	1/2	1	109
12	12	46	46	1.0	1/2	1/2	Chord	4/4	2	1	1/4	1/4	1	110
12	12	47	47	1.0	3/4	3/4	Chord	4/4	2	1	1/4	1/4	1	111
12	12	44	44	2.0	0	0	Chord	4/4	3	1	1/2	1/2	1	112
12	12	46	46	1.0	1/2	1/2	Chord	4/4	3	1	1/4	1/4	1	113
12	12	47	47	1.0	3/4	3/4	Chord	4/4	3	1	1/4	1/4	1	114
12	12	44	44	2.0	0	0	Chord	4/4	4	1	1/2	1/2	1	115
12	12	46	46	1.0	1/2	1/2	Chord	4/4	4	1	1/4	1/4	1	116
12	12	47	47	1.0	3/4	3/4	Chord	4/4	4	1	1/4	1/4	1	117
13	13	48	48	2.0	0	0	Chord	4/4	1	1	1/2	1/2	1	118
13	13	48	48	2.0	0	0	Chord	4/4	2	1	1/2	1/2	1	119
13	13	48	48	2.0	0	0	Chord	4/4	3	1	1/2	1/2	1	120
13	13	48	48	2.0	0	0	Chord	4/4	4	1	1/2	1/2	1	121
14	14	52	52	2.0	0	0	Chord	4/4	1	1	1/2	1/2	1	122
14	14	54	54	1.0	1/2	1/2	Chord	4/4	1	1	1/4	1/4	1	123
14	14	55	55	1.0	3/4	3/4	Chord	4/4	1	1	1/4	1/4	1	124
14	14	52	52	2.0	0	0	Chord	4/4	2	1	1/2	1/2	1	125
14	14	54	54	1.0	1/2	1/2	Chord	4/4	2	1	1/4	1/4	1	126
14	14	55	55	1.0	3/4	3/4	Chord	4/4	2	1	1/4	1/4	1	127
14	14	52	52	2.0	0	0	Chord	4/4	3	1	1/2	1/2	1	128
14	14	54	54	1.0	1/2	1/2	Chord	4/4	3	1	1/4	1/4	1	129
14	14	55	55	1.0	3/4	3/4	Chord	4/4	3	1	1/4	1/4	1	130
14	14	52	52	2.0	0	0	Chord	4/4	4	1	1/2	1/2	1	131
14	14	54	54	1.0	1/2	1/2	Chord	4/4	4	1	1/4	1/4	1	132
14	14	55	55	1.0	3/4	3/4	Chord	4/4	4	1	1/4	1/4	1	133
15	15	56	56	2.0	0	0	Chord	4/4	1	1	1/2	1/2	1	134
15	15	58	58	2.0	1/2	1/2	Chord	4/4	1	1	1/2	1/2	1	135
15	15	56	56	2.0	0	0	Chord	4/4	2	1	1/2	1/2	1	136
15	15	58	58	2.0	1/2	1/2	Chord	4/4	2	1	1/2	1/2	1	137
15	15	56	56	2.0	0	0	Chord	4/4	3	1	1/2	1/2	1	138
15	15	58	58	2.0	1/2	1/2	Chord	4/4	3	1	1/2	1/2	1	139
15	15	56	56	2.0	0	0	Chord	4/4	4	1	1/2	1/2	1	140
15	15	58	58	2.0	1/2	1/2	Chord	4/4	4	1	1/2	1/2	1	141
16	16	60	60	2.0	0	0	Chord	4/4	1	1	1/2	1/2	1	142
16	16	60	60	2.0	0	0	Chord	4/4	2	1	1/2	1/2	1	143
16	16	60	60	2.0	0	0	Chord	4/4	3	1	1/2	1/2	1	144
16	16	60	60	2.0	0	0	Chord	4/4	4	1	1/2	1/2	1	145
17	17	64	64	2.0	0	0	Chord	4/4	1	1	1/2	1/2	1	146
17	17	66	66	1.0	1/2	1/2	Chord	4/4	1	1	1/4	1/4	1	147
17	17	67	67	1.0	3/4	3/4	Chord	4/4	1	1	1/4	1/4	1	148
17	17	64	64	2.0	0	0	Chord	4/4	2	1	1/2	1/2	1	149
17	17	66	66	1.0	1/2	1/2	Chord	4/4	2	1	1/4	1/4	1	150
17	17	67	67	1.0	3/4	3/4	Chord	4/4	2	1	1/4	1/4	1	151
17	17	64	64	2.0	0	0	Chord	4/4	3	1	1/2	1/2	1	152
17	17	66	66	1.0	1/2	1/2	Chord	4/4	3	1	1/4	1/4	1	153
17	17	67	67	1.0	3/4	3/4	Chord	4/4	3	1	1/4	1/4	1	154
17	17	64	64	2.0	0	0	Chord	4/4	4	1	1/2	1/2	1	155
17	17	66	66	1.0	1/2	1/2	Chord	4/4	4	1	1/4	1/4	1	156
17	17	67	67	1.0	3/4	3/4	Chord	4/4	4	1	1/4	1/4	1	157
18	18	68	68	2.0	0	0	Chord	4/4	1	1	1/2	1/2	1	158
18	18	70	70	2.0	1/2	1/2	Chord	4/4	1	1	1/2	1/2	1	159
18	18	68	68	1.0	0	0	Chord	4/4	2	1	1/4	1/4	1	160
18	18	69	69	2.0	1/4	1/4	Chord	4/4	2	1	1/2	1/2	1	161
18	18	71	71	1.0	3/4	3/4	Chord	4/4	2	1	1/4	1/4	1	162
18	18	68	68	2.0	0	0	Chord	4/4	3	1	1/2	1/2	1	163
18	18	70	70	2.0	1/2	1/2	Chord	4/4	3	1	1/2	1/2	1	164
18	18	68	68	2.0	0	0	Chord	4/4	4	1	1/2	1/2	1	165
18	18	70	70	2.0	1/2	1/2	Chord	4/4	4	1	1/2	1/2	1	166
19	19	72	72	4.0	0	0	Chord	4/4	1	1	1	1	1	167
19	19	72	72	4.0	0	0	Chord	4/4	2	1	1	1	1	168
19	19	72	72	4.0	0	0	Chord	4/4	3	1	1	1	1	169
19	19	72	72	4.0	0	0	Chord	4/4	4	1	1	1	1	170
